<?xml version="1.0" encoding="UTF-8"?>
<project-private xmlns="http://www.netbeans.org/ns/project-private/1">
    <editor-bookmarks xmlns="http://www.netbeans.org/ns/editor-bookmarks/2" lastBookmarkId="0"/>
    <open-files xmlns="http://www.netbeans.org/ns/projectui-open-files/2">
        <group>
            <file>file:/D:/MEGA/Tananyagok/Java%202/26%20Osztályok%207/Megoldások/szinhaz/src/szinhaz/Szeksor.java</file>
            <file>file:/D:/MEGA/Tananyagok/Java%202/26%20Osztályok%207/Megoldások/szinhaz/src/szinhaz/Szinhaz.java</file>
        </group>
    </open-files>
</project-private>
